source,Guardian,BBC_News,NPR
Guardian,1.0,0.5910694599151611,0.5919195413589478
BBC_News,0.5910694599151611,1.0,0.495380163192749
NPR,0.5919195413589478,0.495380163192749,1.0
